Product_1,Product_2,Product_3,Product_4,Product_5,Product_6,Product_7,Product_8,Product_9,Product_10
108,98,115,56,107,130,5,17,39,27
132,85,116,55,182,153,3,27,65,43
102,47,71,45,47,119,2,28,32,36
120,56,66,57,47,80,1,32,44,40
106,51,66,54,62,80,4,24,46,30
123,60,89,67,90,128,2,23,61,33
279,63,78,46,81,174,5,25,46,42
175,96,123,97,124,250,3,12,58,40
186,95,115,76,134,228,4,23,42,58
120,93,70,67,65,22,6,36,54,62
0,44,75,70,0,5,8,15,48,51
0,60,72,64,0,0,12,24,55,45
0,52,54,62,0,0,5,13,48,58
0,91,107,81,0,0,7,22,31,51
0,133,133,93,0,0,5,27,26,39
0,108,135,110,0,0,9,39,34,54
0,50,122,63,0,0,3,12,20,27
0,98,97,52,0,0,2,37,21,41
0,59,68,46,0,0,4,9,30,19
0,56,95,54,0,0,3,22,14,35
0,86,100,51,0,0,3,21,35,36
0,97,132,64,0,0,6,26,33,45
0,104,111,81,0,0,4,33,43,40
0,58,71,61,0,0,3,35,21,55
0,90,81,52,0,0,3,39,22,38
0,77,91,33,0,0,1,39,11,33
0,67,76,45,0,0,6,23,21,18
0,86,92,59,0,0,1,25,33,17
0,125,106,78,0,0,4,30,2,32
0,98,134,53,0,0,4,28,24,29
0,42,81,40,0,0,3,23,15,35
0,75,104,56,0,0,1,17,24,15
0,64,91,50,0,0,2,18,34,9
0,66,86,59,0,0,1,22,31,17
0,98,98,55,0,0,4,24,34,23
0,104,133,96,0,0,15,2,22,20
0,114,129,98,0,0,5,35,49,35
0,85,99,63,0,0,0,31,37,35
0,64,84,75,0,0,5,21,19,71
0,68,80,55,0,0,6,24,53,34
0,75,94,64,0,0,3,34,45,44
0,79,89,48,0,0,0,40,51,26
0,128,146,72,0,0,3,26,28,32
0,110,131,64,0,0,4,34,18,59
0,84,80,67,0,0,3,44,24,57
0,101,93,55,0,0,1,31,12,56
0,80,86,42,0,0,7,34,38,26
0,86,87,63,0,0,5,19,27,21
0,105,75,56,0,0,0,25,42,27
0,125,98,58,0,0,4,23,37,66
0,142,127,78,0,0,4,37,9,72
0,62,103,45,0,0,7,48,9,54
0,81,87,51,0,0,2,14,10,69
0,84,110,44,0,0,0,21,8,33
0,83,83,45,0,0,1,20,8,28
0,70,102,45,0,0,2,23,14,26
0,99,117,58,0,0,5,36,32,50
0,105,105,59,0,0,2,31,12,29
0,54,71,61,0,0,6,17,14,17
0,53,75,43,0,0,2,26,20,21
0,61,80,60,0,0,1,26,11,8
0,80,101,54,0,0,5,11,17,6
0,94,111,72,0,0,3,13,20,27
0,108,118,84,0,0,3,30,26,15
0,86,121,84,0,0,16,25,30,41
0,69,81,99,0,0,6,27,26,40
0,75,79,55,0,0,1,49,2,38
0,84,97,57,0,0,3,41,26,14
0,65,68,46,0,0,5,24,21,21
0,73,104,42,0,0,8,20,32,25
0,115,124,73,0,0,3,47,18,58
0,129,122,80,0,0,4,25,32,68
0,83,105,66,0,0,5,32,33,30
0,58,100,58,0,0,2,29,18,56
0,102,101,50,0,0,2,21,7,40
0,96,70,42,0,0,2,27,14,28
0,92,102,66,0,0,3,32,33,36
0,103,126,86,0,0,10,46,9,58
0,113,125,96,0,0,4,41,28,46
0,81,102,45,0,0,1,14,20,44
0,86,101,56,0,0,1,22,8,16
0,81,115,59,0,0,3,3,20,17
0,78,93,48,0,0,2,18,12,19
0,110,130,57,0,0,4,19,14,21
0,132,150,86,0,0,10,29,11,16
0,112,145,98,0,0,4,9,36,24
0,85,94,47,0,0,0,15,20,37
0,48,82,45,0,0,2,26,26,26
0,73,74,55,0,0,1,25,17,30
0,70,73,30,0,0,0,30,20,19
0,93,74,59,0,0,4,14,26,18
0,105,113,67,0,0,7,22,24,18
0,113,131,87,0,0,5,18,0,0
0,69,79,73,0,0,3,43,0,0
0,75,98,64,0,0,13,41,0,0
0,75,84,58,0,0,2,26,0,0
0,75,89,66,0,0,3,14,1,0
0,82,124,61,0,0,0,28,0,0
0,101,135,66,0,0,4,21,0,0
0,137,140,62,0,0,2,0,0,0
0,92,90,67,0,0,0,48,45,58
0,65,80,67,0,0,1,20,51,29
0,64,90,60,0,0,0,36,36,40
0,72,70,61,0,0,5,20,52,30
0,100,138,67,0,0,1,25,17,31
0,87,124,60,0,0,3,38,48,29
0,78,139,56,0,0,6,37,32,43
0,75,74,46,0,0,3,32,34,32
0,78,76,39,0,0,2,23,23,29
0,49,69,55,0,0,1,30,30,34
0,81,72,52,0,0,3,17,31,29
0,82,107,61,0,0,2,24,40,20
0,126,121,76,0,0,1,23,32,20
0,97,132,71,0,0,2,27,21,43
0,97,95,75,0,0,3,0,45,28
0,80,91,66,0,0,2,0,43,30
0,91,104,58,0,0,4,31,26,23
0,105,108,49,0,0,3,19,27,35
0,102,118,56,0,0,2,24,34,38
0,110,110,56,0,0,5,19,22,29
0,88,91,66,0,0,2,24,26,36
0,85,114,73,0,0,2,41,18,38
0,51,93,45,0,0,2,33,20,26
0,99,105,67,0,0,3,25,26,37
0,94,114,59,0,0,5,31,29,44
0,129,163,55,0,0,6,25,8,56
0,116,122,74,0,0,5,36,24,58
0,113,134,78,0,0,2,34,35,76
0,80,103,70,0,0,1,35,18,49
0,72,122,72,0,0,2,23,28,46
0,66,98,67,0,0,5,30,32,52
0,105,93,78,0,0,2,41,32,40
0,90,89,75,0,0,15,34,31,45
0,98,128,69,0,0,21,27,25,37
0,117,118,63,0,0,10,25,40,48
0,106,92,61,0,0,10,38,7,51
0,95,91,59,0,0,14,48,26,44
0,82,97,86,0,0,7,16,30,34
0,95,92,47,0,0,4,26,1,50
0,103,122,71,0,0,6,33,18,30
0,122,167,68,0,0,9,28,16,29
0,120,159,81,0,0,3,50,23,39
0,68,81,89,0,0,2,36,20,47
0,71,88,83,0,0,1,25,11,39
0,61,83,57,0,0,3,21,17,43
0,89,90,49,0,0,0,30,7,33
0,80,97,55,0,0,4,21,17,36
0,115,111,66,0,0,0,23,16,34
0,103,103,70,0,0,8,32,16,39
0,67,90,39,0,0,2,8,24,37
0,72,99,42,0,0,2,0,5,35
0,88,87,45,0,0,3,31,21,23
0,86,106,40,0,0,1,28,21,32
0,132,135,104,0,0,9,22,19,55
0,98,152,78,0,0,23,23,27,74
0,98,126,61,0,0,5,32,36,55
0,96,86,77,0,0,5,23,28,31
0,91,73,71,0,0,12,43,43,77
0,77,83,65,0,0,3,37,33,60
0,89,83,71,0,0,11,29,24,79
0,94,127,62,0,0,2,19,30,54
0,110,175,101,0,0,5,27,15,57
0,123,136,70,0,0,4,35,40,67
0,79,98,48,0,0,6,28,36,57
0,78,88,53,0,0,16,0,34,40
0,94,86,52,0,0,5,0,28,54
0,91,93,52,0,0,3,13,24,44
0,104,113,59,0,0,4,22,39,29
0,110,121,80,0,0,2,12,31,52
0,93,141,77,0,0,2,37,40,59
0,76,102,64,0,0,10,42,49,30
0,54,57,65,0,0,33,27,20,42
0,81,87,82,0,0,14,24,31,30
0,67,110,74,0,0,12,18,19,20
0,93,107,75,0,0,21,16,32,39
0,128,97,73,0,0,32,42,26,28
0,129,102,81,0,0,3,25,44,37
0,84,85,56,0,0,4,36,30,45
0,81,87,59,0,0,15,21,17,31
0,84,63,57,0,0,15,34,28,29
0,56,81,60,0,0,13,23,16,23
0,108,74,52,0,0,26,26,29,21
0,143,122,86,0,0,50,37,23,34
0,130,136,67,0,0,27,20,28,40
0,112,108,74,0,0,9,44,36,39
0,97,89,61,0,0,18,62,35,32
0,102,114,74,0,0,7,38,51,32
0,110,109,64,0,0,1,32,35,47
0,144,122,68,0,0,40,23,27,44
0,147,150,91,0,0,30,15,58,41
0,171,149,108,0,0,25,17,45,44
0,94,110,98,0,0,21,35,49,56
0,102,104,92,0,0,9,26,48,67
0,100,95,83,0,0,4,39,35,47
0,102,104,64,0,0,2,22,35,20
0,146,140,84,0,0,3,11,27,23
0,153,186,107,0,0,2,29,29,38
0,171,166,114,0,0,1,33,44,32
0,117,142,89,0,0,0,51,28,32
0,122,110,87,0,0,0,47,34,25
0,108,127,67,0,0,0,17,26,16
0,106,135,67,0,0,0,23,19,20
0,171,167,70,0,0,0,19,25,7
0,204,150,95,0,0,0,29,27,31
0,192,200,84,0,0,0,31,32,14
0,123,139,91,0,0,0,39,27,32
0,110,130,73,0,0,30,17,23,11
0,130,77,59,0,0,14,28,17,16
0,105,72,56,0,0,44,16,15,12
0,127,126,60,0,0,12,25,25,10
0,172,111,87,0,0,10,44,13,24
0,193,145,86,0,0,8,38,2,0
0,116,85,52,0,0,5,25,0,0
0,101,69,52,0,0,20,33,0,0
0,95,72,53,0,0,22,54,0,0
0,144,98,69,0,0,33,25,0,1
0,147,116,85,0,0,30,22,0,0
0,177,130,94,0,0,22,20,1,0
0,88,87,73,0,0,16,37,0,0
0,138,84,89,0,0,10,51,0,0
0,105,66,69,0,0,5,25,49,32
0,117,92,62,0,0,5,28,46,24
0,106,70,66,0,0,32,38,39,40
0,148,104,89,0,0,7,30,44,29
0,175,90,98,0,0,12,42,39,49
0,187,127,96,0,0,5,65,54,70
0,153,97,53,0,0,1,22,24,41
0,126,99,58,0,0,18,48,23,47
0,103,93,57,0,0,18,45,26,29
0,132,102,42,0,0,17,23,39,21
0,159,112,50,0,0,42,16,37,40
0,172,93,71,0,0,48,0,44,43
0,141,100,100,0,0,40,0,41,37
0,109,88,66,0,0,25,0,43,42
0,106,66,81,0,0,36,24,41,37
0,100,81,65,0,0,27,31,42,33
0,109,93,37,0,0,32,26,31,29
0,117,96,54,145,111,49,19,33,28
0,189,110,75,126,168,34,0,34,48
420,155,123,70,100,162,41,0,49,51
280,117,79,68,106,127,23,0,46,34
273,118,74,66,80,72,28,46,41,35
254,103,77,56,130,58,23,24,35,36
240,104,77,42,60,100,29,16,22,29
336,152,99,56,156,133,50,19,18,33
478,187,103,80,202,166,40,54,43,58
359,159,96,99,26,207,27,39,38,49
234,105,87,73,51,116,21,24,31,83
180,98,82,69,124,85,50,38,74,42
170,126,94,60,133,102,32,24,53,55
249,152,89,63,44,102,27,39,42,41
254,148,90,83,128,227,33,37,32,46
460,166,69,68,168,182,48,50,46,66
170,145,78,112,146,176,36,15,59,80
229,102,76,79,51,79,24,0,16,103
225,100,85,78,176,85,47,22,46,45
152,110,83,82,96,112,40,3,20,51
248,140,82,65,100,100,35,25,25,16
245,161,112,86,105,155,38,46,21,35
303,213,135,61,122,168,48,19,35,36
336,174,117,92,112,184,25,37,53,47
206,111,111,79,68,110,38,26,37,35
266,97,80,58,121,75,39,19,49,33
219,91,77,62,106,53,42,18,21,36
249,128,79,37,104,71,31,29,32,29
267,146,72,56,270,102,45,33,34,39
371,173,102,77,187,145,38,36,25,46
263,167,108,88,252,97,40,35,44,45
189,137,98,43,138,82,21,29,31,39
218,108,84,55,223,57,55,18,38,39
163,88,79,54,100,82,34,27,17,41
212,146,79,53,141,113,19,3,30,22
250,128,92,68,134,168,29,21,18,44
302,156,103,99,254,173,32,26,30,40
299,156,118,80,225,107,33,37,0,0
187,95,71,45,132,55,23,18,0,0
187,102,109,82,215,69,8,31,0,0
168,80,88,65,128,94,13,16,0,0
289,118,108,65,100,100,4,17,0,0
188,148,105,62,120,130,17,19,0,0
329,181,95,60,143,140,4,14,0,0
224,169,119,78,150,149,4,46,58,79
183,96,101,55,82,84,10,32,51,70
175,102,74,48,101,66,5,40,41,53
161,107,91,59,157,95,4,54,37,64
210,110,70,69,146,118,4,47,37,56
324,131,86,71,166,125,45,30,36,53
413,166,110,72,178,156,34,32,34,58
347,180,144,76,212,114,26,40,47,59
280,116,100,47,156,91,17,17,57,42
186,111,96,65,114,100,35,8,27,54
144,120,84,56,54,83,36,4,38,31
229,93,73,49,130,75,27,0,19,34
377,143,85,69,145,119,12,33,22,37
495,154,107,82,211,106,38,39,49,30
132,153,128,86,170,107,28,29,42,59
248,122,95,66,38,91,20,15,30,35
315,119,67,77,193,92,45,10,20,42
561,147,81,61,322,163,34,38,21,29
166,211,108,86,180,101,28,10,5,22
134,237,165,151,104,100,38,28,17,22
204,116,71,74,129,96,37,0,32,47
237,128,81,80,128,91,24,41,32,47
124,107,76,70,78,39,13,21,23,29
163,91,75,50,81,94,42,22,30,24
185,92,81,49,120,69,23,29,26,21
246,106,98,75,63,66,33,33,59,40
214,130,106,68,130,173,29,32,46,45
282,158,105,98,159,200,21,30,37,61
377,147,96,115,143,149,19,33,66,56
343,113,89,78,91,112,23,18,38,74
261,115,69,78,67,93,38,15,61,49
230,111,83,57,100,81,46,17,36,54
206,119,80,70,97,126,30,14,41,57
304,140,86,79,107,116,26,32,48,42
382,132,93,106,174,166,17,23,53,70
286,155,116,96,159,128,26,24,31,82
246,120,93,78,61,114,13,27,53,57
260,93,107,64,47,75,36,40,41,41
199,138,98,65,118,96,34,56,32,36
304,143,96,58,133,103,40,77,35,52
377,138,93,78,146,178,35,54,41,36
341,176,124,84,154,148,40,22,28,44
289,164,118,92,116,102,17,17,50,41
307,125,101,67,92,222,35,33,42,42
300,161,81,77,102,2,14,21,32,38
264,128,122,69,145,0,24,11,22,38
289,173,135,98,178,4,16,27,29,30
633,227,167,103,213,10,12,12,39,29
619,145,121,86,271,288,8,7,17,37
0,0,0,0,0,0,0,0,0,0
233,133,96,82,121,86,14,62,36,45
181,112,75,75,70,106,5,53,52,44
352,113,77,58,137,31,6,63,23,36
278,108,73,63,123,0,11,44,32,44
585,134,86,89,216,0,7,52,33,39
693,150,97,63,206,374,7,30,24,34
246,102,63,49,56,82,2,37,33,20
359,100,62,67,57,76,2,58,59,71
194,99,72,58,76,106,21,54,49,57
169,83,77,59,44,128,25,15,43,65
220,102,66,55,108,85,26,53,34,53
194,95,69,63,103,96,33,32,42,41
301,147,112,70,121,145,57,60,49,78
315,129,84,89,186,134,55,115,51,75
196,61,54,59,52,102,21,43,58,71
177,86,54,54,52,97,17,58,20,71
151,105,73,48,94,135,16,29,38,45
169,98,55,43,65,74,44,38,39,28
247,101,70,49,98,143,42,38,28,34
328,140,96,76,186,197,57,54,35,49
259,125,78,101,117,139,31,42,37,58
217,112,80,64,83,115,18,55,43,51
195,97,51,61,84,78,15,33,37,26
151,68,68,44,69,91,20,27,30,43
171,89,77,43,51,80,18,16,28,27
189,94,80,60,129,109,85,42,42,32
449,149,94,65,158,193,86,50,44,32
314,140,86,68,126,175,94,23,44,40
275,102,70,51,50,70,65,6,31,32
316,78,51,48,100,0,49,0,52,34
210,78,45,46,79,0,42,0,31,25
267,79,54,40,56,0,34,16,24,25
312,107,61,50,120,0,57,7,26,20
337,122,86,49,82,0,110,20,25,44
263,134,81,62,97,0,91,25,38,39
257,75,65,42,124,0,60,27,36,29
261,95,58,37,53,0,50,30,40,31
206,108,108,60,92,0,71,4,51,50
236,91,79,58,50,0,55,0,52,61
322,97,108,58,114,0,79,30,57,37
498,131,105,72,165,0,130,55,39,59
297,150,122,90,115,0,123,23,46,53
249,99,88,76,57,0,79,6,43,69
235,105,64,45,36,0,73,15,63,61
196,102,76,53,133,0,60,20,56,45
208,107,83,74,71,0,55,24,22,60
357,123,84,55,122,0,88,42,39,58
422,162,110,67,104,0,148,43,55,66
349,125,89,69,122,0,158,1,44,68
243,114,86,54,69,0,86,1,34,66
179,117,86,49,134,0,86,3,22,46
252,67,25,52,117,0,67,2,41,40
212,0,0,58,11,63,58,0,28,32
151,0,0,26,0,108,74,17,38,29
268,149,112,70,84,149,97,33,26,56
199,171,116,85,68,120,111,27,48,51
198,94,94,73,50,86,70,25,38,54
210,88,63,55,148,87,58,45,18,60
134,86,76,54,60,75,64,24,23,32
144,114,81,43,81,70,77,33,21,30
237,87,64,73,96,78,65,21,42,47
216,139,89,61,88,133,80,25,38,48
205,127,95,69,57,131,101,22,53,38
179,120,79,53,59,62,67,36,51,35
83,89,64,53,61,67,72,14,47,21
128,87,80,52,99,56,55,17,34,27
142,121,88,63,77,62,67,29,38,30
256,111,96,72,66,113,76,12,51,31
263,125,93,82,133,159,105,0,52,46
218,120,95,83,129,145,75,0,55,42
140,108,73,81,43,77,74,25,51,54
183,113,74,48,58,137,62,9,49,36
130,95,69,68,48,83,63,14,50,60
169,90,79,77,97,83,48,2,29,37
228,99,66,70,88,101,55,24,61,43
203,148,94,63,133,166,113,20,59,44
160,104,84,72,99,130,97,16,51,55
200,137,75,54,43,158,47,34,43,55
96,109,78,47,37,88,68,4,39,29
116,117,87,54,73,114,48,0,30,27
125,117,89,59,46,91,28,22,40,24
146,151,81,47,62,142,80,49,22,20
241,165,100,67,76,162,81,30,50,51
157,138,109,67,69,124,77,23,22,55
130,96,84,50,77,75,35,18,26,39
128,79,57,54,30,92,57,8,27,35
101,79,70,51,36,77,40,13,24,17
120,67,82,49,61,79,41,22,27,26
174,105,73,53,13,104,37,10,34,24
197,140,105,62,98,158,41,4,32,60
188,153,104,62,75,116,37,0,26,67
114,89,82,52,45,76,15,0,39,41
66,72,55,23,48,65,41,1,29,39
147,84,70,52,37,5,39,0,11,51
191,67,57,57,57,0,57,0,24,25
149,106,82,65,60,0,81,0,51,27
174,169,119,72,70,160,78,24,25,50
147,167,60,77,64,112,56,24,48,43
144,88,66,76,59,82,48,22,14,56
115,100,77,68,74,84,71,5,11,74
112,109,109,66,34,78,63,19,0,75
156,112,82,56,83,82,66,14,35,41
184,141,103,60,94,127,48,17,46,34
271,178,73,87,158,104,70,0,58,63
242,146,96,77,104,121,51,39,61,42
111,86,53,67,37,62,32,11,62,27
146,91,72,46,46,58,36,0,34,39
162,95,84,53,19,78,37,0,22,28
143,106,84,46,38,55,40,10,31,23
146,97,111,63,67,95,54,12,34,31
176,141,100,75,157,172,61,3,21,33
164,155,123,62,85,86,48,21,31,40
113,68,57,55,49,55,17,32,47,49
81,76,83,48,54,55,6,29,15,44
126,93,79,49,40,57,12,18,8,45
163,76,94,51,68,41,12,41,27,30
199,84,75,62,152,94,5,16,23,27
150,107,97,95,95,104,13,17,25,25
242,122,110,56,110,96,8,0,39,30
82,82,74,55,38,52,13,25,22,36
98,67,69,56,38,45,6,0,19,26
78,76,87,61,98,85,3,23,28,22
104,92,73,42,64,44,0,7,15,49
157,92,62,37,74,89,39,12,17,33
149,115,78,70,111,117,65,19,24,29
115,132,80,77,97,106,53,24,37,43
80,91,68,56,64,31,23,34,15,29
155,115,81,55,48,53,20,31,18,35
78,100,73,55,41,92,14,27,40,29
105,109,82,74,98,92,14,15,32,37
109,96,93,65,66,106,9,21,41,34
252,132,84,75,93,125,37,30,24,40
122,128,76,78,96,113,46,15,41,45
114,101,92,82,57,68,18,23,45,61
169,98,61,88,48,40,53,19,39,41
68,97,74,60,52,79,63,24,45,53
123,90,60,67,81,78,90,15,42,24
183,88,61,56,128,111,49,16,25,31
229,151,135,79,104,171,105,27,26,62
153,183,105,65,96,100,109,19,26,32
89,93,75,55,50,91,56,42,30,26
119,94,65,56,62,67,64,27,19,28
106,104,75,50,81,46,43,11,17,23
102,100,78,37,54,66,51,14,27,28
155,108,73,64,80,132,28,21,27,31
204,150,89,73,139,105,69,20,30,32
137,137,104,69,79,71,66,27,29,31
100,100,59,58,52,32,36,12,34,57
112,107,75,45,59,58,59,14,20,36
118,85,74,38,37,33,52,33,15,20
146,101,60,51,72,67,57,2,18,13
169,113,84,58,92,88,26,28,21,27
182,131,80,59,76,119,61,24,17,25
118,118,90,65,91,97,66,28,19,24
129,105,75,69,72,47,55,39,24,33
79,60,61,40,27,24,23,29,15,16
81,91,57,64,40,46,29,32,15,29
155,65,67,49,58,62,32,18,25,35
175,109,94,71,92,65,86,19,25,28
143,117,99,65,92,111,109,19,12,46
147,138,109,76,65,72,106,15,0,51
91,94,68,49,60,56,49,12,48,34
150,77,81,51,48,39,63,14,24,35
172,104,80,69,80,50,33,11,49,36
155,101,76,62,63,39,33,32,47,37
161,115,79,49,108,128,77,22,44,35
276,130,108,100,120,98,75,22,41,66
238,152,105,96,132,81,76,32,63,60
172,136,70,79,88,70,58,25,36,65
106,100,90,57,53,58,52,25,32,52
116,117,59,54,65,40,71,26,33,48
185,108,93,56,63,89,36,21,25,43
247,125,108,62,138,107,82,17,36,38
188,144,97,74,104,132,101,11,18,47
212,135,118,72,87,16,80,22,26,49
167,85,74,67,45,44,57,29,31,33
156,91,79,52,27,65,56,21,22,41
51,106,60,58,19,50,35,20,13,26
0,104,70,47,0,64,46,21,20,34
0,126,93,63,0,112,70,25,25,42
268,139,113,77,89,80,53,17,22,31
295,140,90,48,131,85,64,19,23,49
141,120,84,52,72,57,54,28,29,54
170,105,95,45,106,46,51,30,23,32
192,113,69,60,72,55,48,25,14,32
238,88,61,40,68,81,47,18,26,38
236,112,77,45,130,89,60,22,25,29
247,106,97,63,141,51,62,29,0,0
220,124,97,54,119,81,99,19,0,0
240,117,91,61,38,83,68,21,17,37
346,112,91,68,104,156,74,20,41,29
383,142,88,99,116,58,60,20,18,37
150,95,78,68,75,45,60,24,27,54
386,118,78,73,123,11,55,18,32,36
357,163,90,62,110,91,60,12,30,66
215,126,92,62,89,75,90,29,35,63
186,65,61,64,67,62,38,29,34,67
243,71,84,55,62,45,66,11,34,36
205,93,68,73,59,36,60,27,20,47
298,81,71,69,69,68,67,19,17,22
240,114,57,66,94,98,57,29,29,22
260,147,89,60,115,76,57,19,23,33
303,118,96,78,122,116,73,0,31,55
188,108,71,62,61,56,40,31,15,27
244,88,65,50,83,54,68,26,21,37
194,78,70,57,61,85,57,16,17,28
222,114,73,71,82,39,61,19,18,27
321,132,110,66,115,79,66,20,16,51
328,152,132,77,103,122,67,13,21,36
363,133,105,72,137,70,38,17,40,40
206,79,68,49,71,49,47,27,26,36
196,90,76,61,54,44,40,6,29,41
207,104,54,52,134,87,67,20,15,28
213,95,48,46,52,27,47,26,25,33
281,124,72,57,92,86,68,8,24,19
240,138,103,56,109,98,101,26,21,22
333,154,97,73,131,79,78,26,22,38
283,77,94,68,72,69,47,19,13,26
203,106,91,67,61,0,52,12,21,21
135,91,88,58,41,57,53,27,37,39
253,126,90,63,99,88,45,11,32,38
298,133,112,84,133,12,39,15,42,47
281,139,140,65,103,74,51,17,31,33
261,149,125,90,191,1,63,22,41,45
192,111,89,76,106,72,53,22,40,62
143,98,72,62,65,48,33,21,34,52
147,112,69,68,93,86,56,20,37,44
270,125,97,80,124,79,64,16,23,40
243,112,107,81,143,103,39,21,29,34
300,194,161,103,190,115,64,21,45,45
239,178,123,92,131,31,53,22,28,60
197,133,104,72,93,72,50,19,20,38
181,99,71,90,91,57,60,27,23,35
201,104,75,70,101,45,55,4,37,31
220,132,101,84,104,77,64,6,29,30
224,141,138,67,152,92,73,19,16,32
297,176,152,80,214,118,82,22,20,58
246,189,157,86,112,10,84,19,25,61
254,118,76,64,85,57,57,18,26,39
130,119,70,58,48,7,42,29,15,30
265,110,57,66,78,60,56,29,16,27
246,96,82,59,85,57,46,8,8,28
243,129,91,59,141,74,49,0,22,31
320,169,126,65,225,94,53,31,30,39
236,180,170,72,105,34,61,18,35,37
160,126,103,59,73,52,38,25,33,39
176,114,68,51,89,29,62,25,14,30
203,117,86,56,89,46,53,24,35,13
138,122,84,69,122,57,47,24,16,30
182,112,96,54,125,88,65,25,26,26
291,164,120,88,159,83,83,2,27,55
197,149,110,85,150,147,59,0,29,41
319,148,100,103,127,4,54,0,26,55
159,89,88,59,111,63,45,0,42,33
142,87,66,60,98,64,23,0,36,47
173,110,90,50,71,80,18,25,20,60
273,148,91,66,130,64,18,30,44,34
272,141,105,81,109,130,28,38,32,57
282,136,114,88,160,47,24,32,43,73
272,112,65,57,67,38,14,25,49,63
260,91,55,52,51,56,24,17,31,31
295,75,77,60,89,43,31,13,20,14
200,93,86,55,87,56,26,17,30,28
238,101,82,76,107,100,25,21,28,20
225,160,118,75,99,100,58,29,24,42
299,151,103,86,118,78,60,23,39,30
283,98,92,55,65,64,33,28,25,58
234,84,68,48,73,43,26,25,24,38
193,75,55,44,59,21,22,25,13,26
210,100,73,56,84,78,21,30,29,17
346,105,66,56,108,90,10,20,23,16
321,143,113,82,109,142,52,20,47,49
198,125,114,85,160,61,32,19,25,44
258,83,69,60,68,36,18,22,8,38
193,100,82,60,91,63,23,19,15,31
254,81,84,56,70,39,22,22,22,33
275,81,77,45,77,61,36,11,18,19
313,111,91,47,63,81,54,36,24,23
411,105,99,80,134,109,53,27,21,50
296,120,89,93,116,77,31,69,36,31
162,87,94,57,109,57,11,34,35,36
173,85,91,78,81,77,15,33,36,37
80,84,93,64,108,57,17,26,38,57
8,92,88,65,74,94,35,9,35,19
0,111,102,61,0,83,24,4,29,29
282,155,131,83,114,147,50,0,55,40
328,137,93,71,137,64,49,50,45,1
303,82,81,52,53,63,25,1,33,27
224,101,79,64,86,41,23,0,23,5
248,87,93,60,50,76,18,0,0,0
237,109,90,44,75,82,42,0,30,19
289,111,106,57,161,113,37,0,42,16
337,169,119,82,105,155,29,0,29,28
328,129,106,78,100,63,44,0,48,8
147,79,101,58,43,63,25,0,49,0
184,79,73,60,64,47,28,27,44,0
220,103,95,59,44,54,34,23,37,8
214,75,99,78,37,71,18,22,21,14
342,112,86,71,139,75,46,14,31,17
323,123,112,68,0,0,37,14,22,17
253,141,108,53,0,0,42,31,23,0
200,95,93,56,0,0,26,41,22,16
80,112,97,56,46,61,28,36,10,2
0,79,70,49,69,75,44,26,18,12
0,129,93,55,100,62,32,27,20,20
0,109,66,69,142,119,36,23,26,13
279,134,106,70,135,114,41,17,32,1
177,111,108,100,205,79,38,32,30,28
127,83,60,59,167,58,24,26,29,8
194,105,85,59,102,55,26,28,20,6
132,103,78,52,77,50,34,25,18,23
181,100,103,71,113,73,28,12,43,22
214,122,95,69,142,114,30,20,22,23
264,137,127,92,140,140,35,31,62,51
259,125,118,79,144,100,37,22,63,32
165,96,74,72,74,62,25,26,38,27
173,85,70,60,76,52,34,17,47,1
205,103,83,58,67,57,34,27,38,16
168,82,85,65,81,69,36,6,32,8
226,106,94,74,141,163,28,19,41,24
287,134,110,77,137,117,66,6,42,8
262,144,97,79,183,137,34,24,40,24
178,84,69,53,114,105,23,36,43,24
119,88,37,53,86,71,44,28,33,8
143,72,59,46,64,102,28,11,28,15
152,85,101,58,77,87,12,13,22,9
212,106,82,50,137,128,22,11,36,8
202,154,107,76,161,186,32,21,29,0
224,129,127,87,170,167,34,33,30,8
187,98,110,59,143,127,20,17,15,8
243,93,89,73,144,109,25,30,21,0
308,166,126,77,313,186,42,40,22,0
361,173,140,98,183,210,27,13,4,0
0,187,123,101,45,6,53,0,14,0
207,138,90,63,125,169,51,0,12,0
164,153,100,61,132,92,33,32,41,0
113,109,82,46,53,66,28,23,21,8
106,69,72,60,69,64,33,18,20,0
168,74,56,40,100,70,20,11,17,0
165,79,68,42,71,81,32,16,25,4
188,105,78,68,127,128,25,26,27,7
316,154,118,79,172,275,26,27,43,1
237,133,115,79,114,115,26,29,50,0
184,97,96,54,75,133,19,22,47,32
212,95,57,77,80,78,23,14,32,20
226,108,78,74,94,86,19,10,45,2
164,110,72,71,113,95,14,15,24,0
320,126,83,63,142,149,12,15,38,16
249,187,93,82,153,209,28,18,35,8
221,164,130,105,128,121,16,18,38,7
224,81,75,83,147,96,10,18,31,0
167,110,69,59,76,97,22,32,29,23
173,94,80,61,91,75,7,8,18,0
196,105,66,61,89,92,9,10,20,0
190,136,78,65,138,141,17,11,40,0
269,190,123,94,152,141,12,24,37,0
218,155,91,106,190,158,27,27,31,0
183,110,60,70,109,77,9,26,48,0
162,122,69,74,99,98,25,23,30,0
165,150,73,67,98,142,5,16,30,0
164,121,56,90,125,128,3,20,21,16
189,145,106,91,117,123,8,16,29,8
290,199,155,140,282,157,9,43,25,0
396,203,151,116,293,200,19,27,31,0
546,174,169,101,286,253,12,5,11,10
0,0,0,0,0,0,0,0,0,0
219,115,78,77,70,1,20,22,25,13
191,100,60,76,88,114,28,25,21,8
215,106,55,72,91,147,47,25,31,8
258,110,88,78,101,194,79,38,31,16
366,106,88,69,172,200,40,26,27,10
485,104,65,49,215,225,38,14,25,6
0,88,60,50,45,82,46,17,22,10
224,80,49,62,47,122,42,30,51,8
241,76,72,65,118,94,41,20,28,24
232,78,54,76,119,132,34,14,36,13
301,86,65,84,100,174,54,24,39,19
270,118,88,82,104,167,59,26,44,0
188,96,52,67,40,93,50,72,50,24
215,77,51,57,54,95,42,48,53,16
197,61,49,42,50,109,28,42,39,16
245,87,50,56,51,123,37,57,28,18
214,87,76,69,97,153,36,61,21,16
351,120,88,67,93,211,47,86,43,22
281,87,67,86,97,135,38,65,48,16
206,70,44,41,38,79,30,68,36,24
158,71,58,44,46,84,37,54,20,15
191,60,53,46,38,108,46,42,28,15
170,85,60,53,63,81,38,31,17,22
224,88,64,53,72,118,39,56,40,4
362,122,100,79,109,229,54,67,35,1
255,114,91,81,100,159,55,62,32,15
237,84,61,71,61,110,24,31,30,1
63,69,47,71,0,112,32,20,23,8
0,85,55,48,0,67,25,22,6,0
0,92,62,54,0,125,26,26,28,15
0,79,59,72,0,111,24,15,21,15
208,101,85,65,86,217,19,16,33,18
208,103,64,65,62,130,22,24,31,19
127,80,66,49,63,86,11,21,27,22
148,68,47,47,44,78,20,8,14,20
109,71,45,44,57,85,19,8,15,13
136,77,63,51,101,91,32,10,26,9
257,91,85,64,123,98,54,27,36,10
268,127,90,80,152,240,50,22,52,16
300,116,101,83,110,184,35,29,0,0
118,83,71,56,27,106,35,21,0,2
88,98,64,64,40,105,39,13,0,0
93,73,55,61,66,87,19,31,1,1
148,88,95,67,48,72,31,11,0,0
188,93,83,82,88,158,34,25,0,0
167,133,86,89,109,266,40,36,0,0
105,142,84,78,110,108,22,13,47,20
172,87,61,69,62,70,10,22,61,35
93,92,60,76,36,115,3,26,25,9
173,140,87,94,60,104,29,31,20,16
105,103,88,49,41,66,14,21,14,19
177,114,80,64,90,115,25,25,20,8
189,125,84,76,106,170,29,22,22,24
174,141,113,85,86,169,39,15,13,26
117,87,67,58,53,60,16,17,8,37
109,82,63,48,55,50,13,31,25,20
125,86,59,64,61,68,23,56,14,24
130,111,88,68,62,60,13,32,9,10
181,109,69,56,108,105,67,41,27,26
169,138,97,81,96,148,55,45,23,23
157,141,93,72,96,163,79,56,24,25
113,82,68,52,42,81,34,58,36,19
120,74,57,39,49,69,29,47,11,7
88,72,56,52,44,64,14,43,24,11
117,81,58,55,85,76,11,47,21,17
150,106,91,73,76,137,13,34,28,9
188,137,87,92,176,177,24,31,38,21
125,123,110,84,96,137,26,70,44,37
114,114,73,71,74,115,13,62,31,21
131,96,61,77,38,84,10,33,26,25
130,79,54,56,78,69,25,48,36,37
154,88,49,58,64,56,38,19,25,9
182,116,80,89,70,120,37,26,47,30
193,141,107,100,86,140,66,43,33,22
177,113,65,121,118,144,41,46,5,32
147,94,58,67,32,100,29,31,31,31
114,123,42,57,46,89,38,13,26,28
154,116,73,55,75,75,17,24,16,29
177,90,63,57,57,71,13,33,33,23
192,107,91,84,76,110,22,23,18,24
278,159,103,88,125,146,17,25,31,20
180,142,83,69,52,84,87,33,30,32
147,103,69,67,69,68,63,25,25,40
122,76,57,58,44,101,67,47,20,32
129,84,50,60,66,63,47,52,0,0
85,73,58,56,71,69,62,49,0,0
198,99,75,57,78,120,97,33,0,0
219,114,80,78,133,155,41,65,0,0
129,133,91,66,123,111,51,55,1,0
147,96,59,51,70,71,45,45,0,1
134,89,59,66,74,66,40,80,2,6
153,90,66,49,56,63,20,46,1,0
171,90,41,78,85,48,19,56,0,0
233,134,79,55,112,120,25,30,2,2
261,161,83,76,196,167,19,45,1,0
144,161,71,36,229,108,6,31,0,0
136,91,51,62,87,62,4,34,0,0
101,73,51,70,59,122,3,41,2,0
129,83,64,75,56,105,4,27,0,0
137,71,58,61,72,69,2,33,0,0
212,91,66,61,118,128,0,36,0,0
249,130,67,68,144,75,1,52,1,2
193,124,92,95,136,109,0,55,2,0
138,102,47,44,87,56,0,70,0,0
115,80,61,67,88,62,3,29,2,0
142,61,54,68,86,47,2,44,1,0
232,103,64,62,80,59,0,41,0,2
193,95,74,64,80,111,0,50,3,0
192,128,81,68,134,120,0,31,0,1
146,142,72,74,106,55,0,56,0,0
137,77,96,59,78,58,1,21,1,4
156,83,65,66,53,50,0,37,3,0
145,68,62,47,48,47,0,35,0,0
147,68,52,47,47,29,0,30,0,1
156,89,49,69,75,86,0,37,0,0
187,113,81,90,117,72,0,33,0,0
174,122,71,97,95,58,1,23,0,0
155,77,72,96,57,36,0,28,12,16
108,79,55,73,61,50,0,21,23,28
132,69,47,60,42,50,0,15,13,20
160,91,62,72,45,73,1,22,17,14
157,88,91,59,62,78,2,20,15,15
276,94,53,94,101,94,7,24,21,28
146,115,102,90,87,58,7,29,31,28
114,75,56,48,50,35,3,32,25,19
126,80,71,42,82,26,2,22,21,36
194,78,92,50,74,49,0,24,18,19
173,85,67,71,62,67,59,27,15,17
173,93,72,78,85,77,59,38,30,37
266,140,90,64,125,65,45,23,22,28
175,113,77,60,95,77,62,19,31,36
143,77,82,36,82,64,45,22,45,31
140,94,63,53,85,108,33,12,8,33
126,66,60,68,73,50,30,18,0,22
171,85,53,87,64,76,31,22,0,25
187,84,76,67,86,107,44,10,13,22
256,137,92,121,145,114,43,34,23,33
215,163,78,86,126,96,43,2,19,25
130,101,63,76,77,39,36,29,33,21
146,82,66,80,93,55,27,17,20,24
134,58,57,57,64,44,22,22,16,30
157,81,77,63,55,67,26,10,11,25
196,99,78,82,113,94,21,24,21,12
198,141,97,68,95,113,42,23,27,26
150,145,94,75,82,80,39,57,31,29
148,93,80,83,41,51,25,49,22,31
131,83,63,74,40,52,28,47,18,21
129,76,70,45,57,21,30,44,25,16
163,105,53,63,43,51,24,33,25,26
179,95,71,79,112,87,48,30,30,15
191,120,89,73,65,101,37,39,14,34
143,155,73,72,116,78,34,34,12,23
152,141,73,66,127,75,33,27,23,24
157,86,67,59,68,51,21,24,20,10
80,79,54,44,34,32,10,30,11,11
124,82,78,52,64,60,11,24,11,15
168,113,89,81,119,86,22,7,22,11
228,156,89,104,91,69,22,2,24,23
211,118,66,116,103,80,8,20,46,30
195,115,98,55,73,51,7,32,43,36
122,97,69,103,80,69,4,30,27,29
119,93,74,55,53,50,12,27,32,33
182,101,89,57,49,50,4,13,9,16
192,104,87,96,54,79,4,46,14,30
203,134,106,111,134,132,6,31,20,18
177,120,94,100,120,71,6,34,31,34
160,98,85,79,112,58,3,14,37,27
159,119,67,73,44,53,6,29,13,20
107,91,58,73,52,33,2,32,18,15
154,117,85,62,138,67,0,30,9,17
264,146,88,81,117,101,0,28,30,24
278,170,123,79,146,100,0,7,29,31
213,145,107,87,123,72,0,15,17,23
249,91,94,76,57,46,0,35,36,28
145,75,70,71,84,40,21,22,24,22
101,79,61,56,44,39,23,26,16,20
189,108,64,77,59,72,20,2,28,13
252,94,92,67,110,66,30,10,31,26
227,155,98,80,127,77,27,14,35,25
225,149,102,90,65,81,34,34,30,20
131,92,78,54,39,53,17,23,35,26
145,109,48,67,66,20,27,11,23,13
169,104,50,81,63,45,27,24,8,15
176,103,77,75,47,47,22,27,13,12
231,92,80,61,134,57,22,22,27,18
324,174,85,105,88,85,19,25,26,20
202,115,96,87,86,65,23,34,32,9
225,119,95,90,86,45,29,30,38,29
203,73,73,85,100,41,18,27,34,27
325,122,85,94,148,79,6,16,45,42
294,145,72,124,150,106,29,27,25,16
210,112,87,72,131,56,23,23,35,33
214,107,83,102,118,78,30,2,31,24
204,68,100,87,94,56,24,29,27,33
115,74,55,59,61,38,27,26,45,34
125,98,61,91,42,69,28,18,47,31
207,93,76,109,66,77,16,27,41,33
144,90,72,87,72,59,19,0,31,24
202,114,91,69,109,61,20,0,23,26
212,153,80,90,79,100,32,0,0,0
173,142,93,84,106,71,15,11,25,26
184,101,65,82,57,44,26,37,29,22
102,83,60,65,85,35,19,20,20,23
120,84,64,57,63,43,13,23,25,22
143,102,77,78,61,72,28,9,21,12
122,115,54,78,136,78,26,28,35,17
252,127,80,102,160,56,26,20,26,22
193,106,100,109,111,81,17,0,28,31
125,101,70,63,77,39,34,20,24,19
126,103,65,50,88,64,33,35,18,19
91,88,64,56,53,30,27,21,27,16
185,87,84,64,58,55,30,12,20,16
230,100,75,75,97,85,20,30,28,15
227,127,109,98,84,99,19,26,19,17
118,129,90,78,80,92,20,30,32,23
88,119,88,69,58,38,15,19,19,23
155,92,84,47,100,37,23,29,12,11
93,95,76,44,66,57,7,24,20,24
173,119,77,79,93,60,15,25,32,31
139,117,97,72,138,89,13,26,27,21
217,176,113,98,101,92,44,38,45,31
171,173,98,82,127,99,15,37,44,37
136,113,88,91,69,90,11,1,48,34
143,118,68,68,81,61,19,0,39,27
115,121,86,80,97,41,11,0,17,14
115,88,70,93,75,87,8,11,38,15
219,149,101,79,95,139,9,14,27,14
226,156,92,87,109,78,17,16,29,29
198,190,100,115,116,81,17,9,40,22
136,142,82,87,46,55,16,36,26,24
113,154,60,116,62,54,6,14,27,16
100,101,72,82,67,36,13,0,21,11
172,105,76,99,144,66,5,0,25,23
182,117,86,95,116,86,20,0,17,13
0,148,111,109,0,59,16,0,19,24
3,222,112,118,0,60,9,46,24,22
91,137,82,94,93,50,13,27,29,20
165,104,70,84,52,57,21,17,13,9
217,94,77,59,159,44,27,34,9,14
216,87,108,48,185,50,19,27,11,10
709,139,117,67,179,0,19,23,26,14
544,179,136,75,266,104,26,23,11,18
381,196,138,105,310,130,14,42,26,18
272,107,92,64,23,114,10,15,18,12
337,90,78,63,142,232,3,22,17,13
384,75,86,67,104,181,22,0,20,8
489,86,89,63,181,165,8,0,17,8
504,84,65,72,216,354,17,0,18,2
532,126,101,69,432,333,17,0,16,13
498,128,111,76,599,316,15,0,20,15
469,109,117,96,184,48,10,36,31,23
250,111,96,83,229,199,4,12,25,19
239,71,66,83,150,250,14,13,30,2
300,115,76,65,278,283,9,17,30,16
340,122,70,78,262,173,15,20,27,16
439,122,93,113,273,260,14,31,19,22
357,131,97,106,247,259,10,33,44,21
310,91,64,85,129,331,11,11,30,11
491,70,64,68,128,175,9,0,24,16
620,77,77,85,195,173,7,0,13,8
613,83,65,39,182,203,15,23,0,0
709,105,70,57,212,187,7,1,0,0
763,130,93,86,272,275,19,1,13,12
470,123,102,108,266,195,16,22,27,22
554,65,69,73,158,188,5,3,25,14
305,78,45,61,159,142,12,0,15,12
290,68,68,63,107,201,12,0,26,12
228,69,63,71,123,157,5,0,24,13
335,64,46,65,147,197,8,0,28,21
303,75,95,73,309,253,13,0,19,25
289,77,74,108,369,210,8,0,33,30
235,51,48,59,180,168,6,0,28,13
310,77,62,48,146,187,11,0,26,31
260,99,49,46,166,147,2,0,30,23
331,96,49,67,157,127,1,0,20,19
362,108,62,62,243,181,1,0,25,15
0,114,81,76,312,189,1,47,22,11
0,116,87,93,342,176,0,28,33,39
151,81,57,54,290,130,0,22,23,20
137,105,68,61,211,77,0,3,21,34
169,66,52,57,25,164,1,0,25,14
98,88,77,90,0,117,1,0,26,19
244,113,76,83,0,209,7,0,27,13
292,110,97,87,133,200,1,0,35,15
196,100,100,104,130,163,7,0,25,15
155,64,75,66,70,144,6,0,33,7
151,74,37,73,78,82,1,0,40,18
120,72,84,86,77,101,19,0,26,15
135,84,71,78,95,100,9,0,29,26
154,118,77,77,107,155,6,0,23,16
216,129,79,83,112,246,3,0,32,17
235,108,84,77,129,145,1,47,25,17
134,86,68,64,65,145,1,28,23,22
129,81,70,78,48,26,3,19,23,12
113,78,51,74,53,10,0,21,21,19
149,86,57,73,74,24,5,34,23,23
192,86,59,74,97,21,2,24,14,6
184,128,92,91,108,140,1,25,16,11
219,151,80,95,121,183,3,49,24,18
99,79,41,70,61,47,2,27,31,26
101,68,56,57,55,45,3,23,13,14
132,62,43,52,51,24,0,23,23,11
104,73,54,48,73,45,1,26,18,11
165,87,53,75,137,65,0,31,22,7
165,100,68,83,134,103,3,19,20,8
133,69,70,75,99,79,1,50,23,25
268,55,48,62,77,51,0,27,20,14
86,66,43,58,57,48,0,22,15,9
107,76,54,79,83,38,1,4,21,7
103,80,54,52,58,71,13,9,9,5
165,92,70,73,77,107,19,16,21,10
210,84,74,92,94,152,9,23,30,16
159,115,80,75,96,135,11,45,47,5
115,50,36,57,44,87,10,30,18,0
105,85,56,62,82,52,5,30,28,21
111,60,40,75,72,60,0,21,17,11
164,80,41,59,88,53,4,24,28,25
166,92,71,58,94,91,5,18,30,18
0,114,69,103,126,142,1,28,31,24
0,129,69,98,105,96,2,21,38,33
391,90,51,73,89,17,0,21,32,16
257,65,42,43,61,0,28,34,21,9
0,65,49,52,1,0,10,30,17,10
0,65,55,46,0,0,16,15,17,12
0,112,63,50,0,0,21,27,21,19
5,154,86,78,0,0,14,21,31,25
2,138,94,95,0,0,12,31,22,13
0,82,51,72,0,0,5,31,29,6
6,99,61,85,0,0,30,13,18,20
3,96,55,54,0,0,23,23,12,6
1,93,43,68,0,0,20,15,20,6
14,108,51,68,0,0,38,23,20,5
6,116,68,90,0,0,31,18,9,20
2,99,71,94,0,0,31,36,22,14
2,63,57,70,0,0,7,32,17,11
4,77,51,62,0,0,20,19,17,12
9,123,80,76,0,0,31,12,15,10
1,149,73,100,0,0,16,0,3,2
0,110,82,82,0,0,31,17,8,7
0,109,79,63,0,0,26,32,17,8
0,136,95,80,0,212,12,20,23,14
461,87,63,53,273,192,7,11,25,27
317,126,97,75,155,155,21,16,37,17
328,82,62,58,121,181,5,14,27,8
258,100,53,75,171,192,26,27,24,15
275,99,43,87,162,184,27,18,20,11
374,125,74,74,240,217,22,10,32,24
7,156,82,86,0,2,14,32,40,19
1,110,52,66,0,0,6,16,23,16
1,78,59,78,0,0,18,26,28,22
2,103,33,70,0,0,21,24,14,11
0,115,31,69,0,0,14,25,22,8
7,124,49,78,0,0,15,13,19,13
2,164,28,91,0,0,12,23,27,23
0,143,60,83,0,0,7,28,29,21
5,89,40,76,0,0,12,18,22,23
10,100,40,84,0,0,3,25,10,11
0,101,54,67,0,0,11,16,16,11
2,117,49,83,0,0,10,20,12,18
1,142,45,78,0,0,7,14,13,10
0,174,76,117,0,0,13,20,19,17
0,112,55,108,0,0,6,18,17,15
0,118,53,111,0,0,9,15,15,10
0,175,98,62,0,0,11,6,7,5
0,5,0,0,0,0,0,0,0,0
179,108,48,69,148,74,19,20,15,15
205,89,39,74,74,118,5,18,24,8
205,107,48,77,110,99,24,1,16,19
177,109,52,85,85,137,19,20,14,14
261,71,49,51,142,142,13,28,19,12
446,102,46,61,278,239,23,11,19,4
90,101,26,54,58,74,22,12,16,15
110,70,38,81,66,79,14,22,23,22
201,79,44,69,83,93,43,31,29,25
202,71,59,67,101,161,38,3,47,18
206,109,33,105,101,134,32,19,42,16
55,67,39,64,85,45,5,26,29,21
0,68,29,60,56,82,13,19,15,19
0,68,41,71,6,56,9,24,33,18
0,71,36,57,0,102,8,9,21,14
0,74,36,67,0,61,18,20,23,8
168,119,56,99,90,149,26,27,29,17
121,98,47,102,83,94,29,31,4,31
85,78,39,72,35,42,16,31,0,22
95,62,29,69,62,46,16,20,0,7
126,55,50,68,48,70,5,21,0,17
118,79,47,52,59,38,4,17,0,12
211,93,50,71,187,88,13,16,20,10
211,104,70,72,119,121,15,23,22,16
149,98,61,75,117,110,9,32,27,23
47,52,68,59,48,50,14,14,22,11
73,51,46,49,32,48,20,33,12,15
112,51,49,48,58,52,24,23,26,9
109,53,31,58,60,12,10,9,13,0
159,60,48,50,81,0,14,7,20,0
175,75,73,73,79,144,23,18,26,1
168,90,66,84,79,92,18,19,25,22
119,58,44,61,34,49,27,27,16,16
63,48,24,59,52,33,10,10,0,17
71,40,40,51,45,49,8,14,0,12
116,71,41,61,48,44,13,16,0,8
128,69,58,57,80,107,15,20,0,28
137,115,74,74,151,121,26,26,31,18
221,79,48,87,127,94,18,40,27,13
147,63,61,72,99,69,10,8,24,23
127,51,51,66,43,64,28,13,37,15
90,79,42,58,62,51,22,13,31,10
111,75,52,71,53,46,14,2,32,21
1,76,55,56,2,0,18,22,22,5
3,115,71,81,0,0,21,27,42,15
0,127,69,100,0,0,11,19,18,3
0,77,46,69,0,0,10,28,31,15
0,65,44,74,0,0,17,38,15,19
0,98,49,67,0,0,13,15,13,16
7,127,60,116,0,0,18,11,30,23
3,112,58,80,0,0,8,13,14,14
7,132,83,67,0,0,10,1,28,12
2,130,82,83,0,0,9,25,20,13
4,105,69,76,0,0,3,0,28,14
4,65,47,64,0,0,18,33,17,21
1,88,52,35,0,0,4,16,17,12
10,87,43,79,0,0,9,14,16,13
3,93,59,68,0,0,21,11,18,13
4,108,68,75,0,0,20,0,24,9
5,133,58,93,0,0,21,20,24,19
0,80,46,63,0,0,8,4,24,14
21,77,63,66,0,0,13,20,16,14
5,59,40,37,0,0,15,14,9,11
3,75,56,62,0,0,29,16,18,15
3,106,47,51,0,0,33,14,17,10
7,130,66,87,0,0,33,38,25,18
2,124,60,78,0,0,45,17,37,20
2,72,39,65,0,0,28,22,45,19
12,65,54,84,0,0,12,24,31,8
0,69,42,63,0,0,17,18,20,19
0,65,54,79,0,0,28,9,25,12
5,82,69,72,0,0,57,14,21,10
0,117,65,78,0,0,63,20,19,12
376,104,58,97,129,184,36,16,33,13
200,79,54,94,65,65,22,24,36,19
114,83,44,72,52,68,10,19,27,15
112,77,45,68,70,52,17,41,22,11
121,67,59,80,51,33,22,23,20,9
116,78,63,74,63,77,29,15,16,11
154,86,57,77,85,118,48,39,15,14
188,131,65,102,69,76,60,24,0,0
121,77,48,70,64,31,24,28,0,1
88,85,62,57,30,60,23,22,0,1
87,80,55,46,67,51,31,7,0,0
127,71,41,46,49,37,18,14,1,0
160,64,49,73,82,72,38,13,1,0
195,123,100,85,79,111,34,25,0,0
150,106,46,82,63,88,58,35,20,21
106,70,36,62,68,32,33,31,16,13
54,61,54,62,44,39,40,0,21,6
93,37,46,58,26,39,11,0,14,7
81,98,40,62,42,55,28,0,15,12
125,66,37,66,43,100,30,0,16,7
159,112,73,62,72,122,48,0,17,13
145,107,63,93,79,104,53,0,40,12
78,75,45,49,43,48,25,20,12,10
86,63,50,76,36,29,33,10,30,11
106,56,43,68,37,45,29,20,18,15
112,64,40,68,47,51,34,11,20,12
177,92,36,62,97,55,38,5,20,12
217,76,54,79,108,98,43,28,31,12
116,113,66,91,87,70,34,31,41,14
98,77,45,75,55,49,24,29,44,21
168,74,62,91,64,23,48,22,41,37
142,69,54,58,36,65,18,23,1,1
140,90,45,88,47,31,27,14,0,0
162,78,58,82,101,72,37,20,0,0
200,106,70,77,104,86,30,27,1,1
136,113,55,93,65,68,31,26,0,0
75,56,35,59,70,60,17,22,1,0
120,85,59,73,47,39,45,36,0,0
118,80,53,66,87,53,49,25,23,20
93,80,61,71,68,39,52,34,21,18
120,99,76,77,70,47,64,18,17,22
243,134,68,95,131,97,69,26,37,16
245,132,69,114,165,97,62,21,13,26
80,69,44,60,30,54,15,22,29,20
84,60,46,60,72,35,31,18,36,30
130,75,73,58,24,49,20,15,21,8
120,55,59,80,59,32,18,16,22,17
94,98,74,46,130,50,22,14,14,12
216,118,67,62,93,0,34,11,30,21
153,106,86,80,85,0,26,25,33,22
176,68,43,53,49,30,17,26,22,7
86,62,59,64,65,56,18,22,14,11
134,75,40,66,59,29,13,10,10,5
141,102,65,74,64,25,25,19,24,12
205,74,49,82,99,110,17,24,13,9
160,104,90,82,88,180,21,22,17,16
114,101,77,80,99,62,25,27,36,18
143,75,58,80,60,50,18,17,39,23
92,71,47,72,49,35,28,30,31,11
69,72,66,75,33,54,41,20,28,8
112,73,53,66,71,49,25,29,32,11
192,87,62,82,77,104,38,25,18,15
226,152,89,70,78,81,50,13,16,17
162,109,82,76,118,85,37,19,22,8
123,71,50,81,54,29,27,9,18,11
2,48,52,82,0,0,13,8,21,15
0,62,56,72,0,0,7,25,17,9
0,79,72,88,0,0,17,13,27,12
0,91,81,73,0,0,16,18,19,9
28,93,84,71,0,0,18,22,26,17
2,103,73,91,0,0,26,11,26,13
8,61,55,58,0,0,15,25,16,11
0,60,42,60,0,0,22,26,18,9
0,77,50,52,0,0,14,20,13,8
2,60,56,46,0,0,32,14,12,11
9,91,71,74,0,0,28,13,21,7
3,81,79,61,0,0,32,12,8,12
43,106,88,92,0,0,27,30,27,8
0,70,52,85,0,0,27,32,22,11
3,61,40,64,0,0,26,26,16,8
5,57,45,56,0,0,25,20,10,6
9,82,60,67,0,0,30,14,15,4
5,80,59,73,0,0,35,17,12,11
3,81,81,93,0,0,31,25,13,15
2,101,84,94,0,0,35,35,24,7
5,71,44,77,0,0,26,27,32,12
2,78,46,75,0,0,22,14,41,8
0,90,52,60,0,0,19,12,27,0
2,95,65,73,0,0,20,25,16,5
4,82,48,77,0,0,21,42,23,12
0,162,74,110,0,0,42,20,28,14
0,94,50,109,0,0,27,39,36,9
0,68,64,120,0,0,18,35,31,0
0,66,41,87,0,0,28,24,25,22
147,72,55,80,60,85,21,25,22,2
184,90,72,82,81,63,18,14,15,8
203,71,74,95,100,50,27,9,11,5
203,150,110,96,94,68,46,16,26,14
168,123,81,84,114,140,28,11,23,16
103,82,66,61,49,51,26,15,21,8
110,77,57,73,20,87,19,33,16,9
102,92,52,73,59,36,20,22,26,8
110,103,65,86,62,54,18,30,12,11
169,90,55,99,139,77,14,34,18,27
245,115,65,77,101,77,31,23,28,15
126,81,70,88,115,94,30,25,18,24
120,77,47,65,34,32,27,19,30,21
103,64,54,62,71,68,23,27,27,14
79,82,54,74,96,31,29,12,21,21
149,83,47,61,74,25,28,24,22,19
150,121,71,72,96,56,29,13,17,19
195,108,61,86,86,140,53,0,18,21
109,112,78,88,124,64,18,0,17,22
88,91,43,86,55,39,25,0,19,16
144,91,48,98,41,31,32,1,26,19
106,98,80,81,76,57,22,0,15,18
207,132,95,120,112,103,21,0,26,13
229,161,95,118,153,86,38,0,18,9
138,114,105,70,74,83,39,0,18,7
157,97,113,83,96,64,20,0,34,18
107,103,78,78,108,35,25,0,37,23
123,87,90,16,42,54,32,6,21,1
132,104,87,77,65,57,24,17,15,25
165,119,82,76,64,41,34,3,17,17
165,118,87,76,109,92,15,0,0,19
181,155,99,93,101,56,36,0,35,16
134,95,73,101,96,63,34,0,13,27
103,104,55,98,73,33,26,43,0,32
129,109,42,96,92,59,17,42,5,10
111,105,44,75,61,46,11,10,26,6
113,103,61,61,84,73,18,25,1,2
226,146,66,94,137,60,37,24,23,0
276,145,70,92,89,69,34,23,21,10
115,135,60,99,95,62,24,47,19,14
114,95,57,82,31,29,18,11,26,21
106,112,69,82,40,46,24,36,28,5
76,123,54,65,57,42,17,20,2,11
114,132,93,85,63,44,18,18,1,6
172,171,7,86,110,59,13,23,21,8
165,0,131,137,57,82,18,21,18,10
152,0,134,85,97,67,23,8,24,9
106,80,79,89,37,23,14,18,18,6
98,106,51,58,71,34,25,17,15,11
120,127,58,70,42,28,25,21,11,12
119,107,85,70,45,40,20,21,18,5
182,145,149,114,70,61,45,44,27,13
174,157,113,72,82,126,35,20,21,17
164,178,112,97,100,78,35,54,44,13
91,121,78,88,65,31,29,23,34,9
152,108,79,87,51,50,15,19,25,8
76,118,74,96,52,34,16,19,21,18
94,179,78,86,67,49,14,17,25,16
206,209,105,106,83,72,16,10,27,15
174,207,121,100,104,76,18,16,18,13
112,162,117,110,77,77,12,39,52,19
96,124,97,95,25,35,11,59,24,12
99,125,65,108,37,43,18,27,26,19
96,104,84,70,61,38,17,24,24,16
115,98,68,88,47,32,16,29,23,12
185,148,100,89,117,48,22,13,11,18
143,126,123,118,75,54,30,51,26,20
147,75,150,128,77,64,17,49,33,23
106,40,79,81,66,14,17,24,29,20
87,71,85,92,74,38,12,22,29,29
76,69,71,74,50,48,12,17,16,19
129,108,104,77,74,32,17,19,13,21
198,111,124,81,79,54,18,25,28,19
147,123,159,111,93,44,25,36,13,16
124,145,159,130,112,82,15,26,34,22
116,97,96,93,70,52,20,32,18,19
68,93,54,84,46,39,4,8,14,11
82,96,68,69,47,40,14,29,18,13
114,84,77,60,59,21,10,24,11,4
151,105,79,59,134,71,10,9,15,5
216,120,116,82,98,84,12,16,19,13
104,127,81,72,91,77,8,33,22,10
141,165,91,94,84,86,9,28,30,9
135,95,49,81,50,47,4,22,19,9
78,120,72,76,52,42,14,28,24,19
121,92,63,83,51,80,11,34,16,14
179,121,76,69,83,54,9,0,18,11
208,152,92,101,99,71,21,0,29,11
169,112,87,109,88,65,9,0,31,21
85,90,96,69,102,55,11,0,39,16
87,88,58,72,49,67,11,1,19,9
107,121,63,92,52,38,10,25,18,15
146,95,65,90,111,33,11,5,23,10
268,85,67,86,92,62,17,20,24,10
234,150,87,93,112,70,23,17,16,8
83,119,67,77,95,72,20,25,23,5
117,70,80,87,52,41,15,29,22,10
105,80,49,52,114,46,23,27,15,7
149,84,69,65,80,32,17,32,15,5
208,64,52,66,55,38,17,22,10,6
176,87,76,58,86,51,19,32,14,8
291,128,97,73,138,72,20,23,13,8
169,136,66,77,108,62,18,41,17,11
152,62,50,59,92,29,10,24,16,11
139,82,68,69,79,49,12,36,22,14
119,81,55,57,87,50,14,94,26,21
93,77,41,61,71,32,16,65,18,11
246,92,68,49,123,59,18,44,15,25
197,134,87,81,114,84,27,81,16,16
130,120,79,78,97,47,20,105,29,20
141,73,49,69,62,47,13,34,27,7
121,73,48,63,93,33,9,25,14,17
111,87,77,73,57,47,15,27,21,23
131,78,71,83,64,53,11,2,22,23
193,111,88,89,115,77,12,42,22,21
286,122,88,108,126,134,20,16,30,22
233,117,69,77,115,84,24,36,33,36
102,73,60,86,171,73,10,25,4,36
123,80,65,97,62,35,14,17,0,34
243,103,64,60,56,51,13,42,15,30
132,108,64,74,116,53,20,17,16,29
254,101,69,69,119,65,27,19,25,38
180,127,64,72,179,75,30,34,22,27
131,113,80,100,118,64,13,9,23,33
93,53,59,74,88,24,8,40,45,12
92,75,64,49,69,35,8,21,28,8
55,70,59,80,65,55,7,16,27,14
1,57,58,69,41,44,11,15,10,10
0,75,70,51,0,48,16,23,18,25
130,112,78,78,126,87,25,28,18,9
181,95,74,71,134,92,20,29,29,23
116,81,42,75,72,34,5,27,40,18
125,70,49,51,66,25,11,15,23,16
84,68,63,47,85,50,16,16,20,10
110,93,50,73,57,44,8,31,27,4
143,87,44,77,114,81,15,14,21,9
116,110,96,73,122,86,16,18,16,12
120,121,65,96,129,60,14,19,21,10
134,75,63,72,106,39,8,23,29,9
94,82,68,49,72,28,15,28,5,10
95,79,55,58,61,27,11,19,24,12
140,88,58,75,70,61,5,22,12,14
200,92,62,55,122,55,2,8,8,10
186,103,86,95,127,95,8,29,18,17
137,87,84,97,109,95,6,42,26,23
90,62,67,61,92,57,5,25,39,22
155,80,58,72,85,71,8,25,26,25
85,67,38,78,45,34,18,11,19,17
95,87,51,69,72,38,35,23,24,23
155,102,43,63,56,62,13,16,14,24
126,108,43,84,103,87,18,35,35,19
137,123,20,86,89,72,34,25,33,35
145,67,11,69,57,30,18,20,44,46
99,70,5,62,74,31,28,21,2,1
72,66,24,52,46,38,23,22,0,0
148,81,31,57,46,38,17,30,0,0
178,103,56,59,93,54,20,27,0,0
76,140,87,84,85,79,26,29,20,26
98,126,87,94,69,72,30,37,19,27
106,90,69,54,53,45,14,22,24,16
83,66,67,40,57,29,20,27,13,20
76,72,77,50,47,31,26,23,25,17
85,71,78,39,70,35,29,22,18,20
120,89,79,63,79,45,24,17,21,9
132,124,66,58,94,64,32,33,16,16
126,109,80,87,79,41,22,18,19,26
104,79,60,82,64,32,30,20,10,15
148,79,77,64,89,52,25,18,16,19
287,83,93,67,187,118,32,8,13,11
257,157,98,110,100,151,20,5,3,5
103,86,96,75,65,60,19,11,10,8
167,70,101,71,114,70,21,20,19,23
135,111,75,83,198,45,32,20,23,17
0,91,64,61,0,0,13,35,22,19
0,85,68,65,0,0,25,15,23,20
0,79,82,74,0,0,37,17,29,19
0,66,69,87,0,0,24,23,27,12
0,85,92,78,0,0,27,15,22,23
2,105,93,113,0,0,28,48,13,21
0,123,105,67,0,0,24,21,20,25
0,83,80,96,0,0,20,22,16,40
0,84,79,75,0,0,18,15,11,37
4,74,76,76,0,0,14,8,17,27
0,81,72,53,0,0,14,1,17,15
0,100,81,60,0,0,29,13,27,15
24,147,109,83,0,0,36,21,23,16
1,159,88,73,0,0,29,18,19,19
6,127,101,71,0,0,27,6,17,26
1,99,84,68,0,0,34,14,15,9
1,90,73,67,0,0,34,15,5,9
0,110,101,73,0,0,40,15,9,9
0,108,90,71,0,0,24,8,12,11
6,125,131,92,0,0,23,12,16,12
2,140,132,108,0,0,32,16,27,8
0,133,109,87,0,0,16,13,21,11
0,125,92,101,0,0,27,20,15,12
0,158,109,60,0,0,18,12,11,5
0,0,0,0,0,0,0,0,0,0
1,138,93,75,0,0,30,11,28,12
0,94,60,54,0,0,21,18,12,11
1,68,59,46,0,0,36,27,17,23
3,69,40,32,0,0,31,23,11,16
2,70,44,46,0,0,38,11,19,9
0,95,42,49,0,0,27,12,7,19
0,59,59,53,0,0,23,8,10,4
0,90,64,63,0,0,51,17,22,14
0,103,72,74,0,0,38,15,23,19
0,82,74,72,114,54,32,36,27,21
59,80,59,53,53,52,25,18,30,14
119,63,67,53,63,85,19,15,28,12
43,51,46,50,55,40,21,14,16,11
83,59,38,54,53,32,15,25,18,8
154,56,51,55,77,81,13,14,24,8
171,65,55,84,134,117,9,33,23,12
127,73,72,86,70,112,11,34,29,16
89,55,57,47,51,66,33,8,18,1
103,60,36,58,39,59,21,26,3,0
107,60,40,47,60,96,33,39,11,4
88,63,47,44,77,50,44,18,16,2
114,80,60,52,73,95,21,21,16,7
149,100,82,75,104,128,26,16,14,13
145,104,75,72,107,109,29,28,32,14
102,60,52,49,68,56,32,21,16,8
82,67,54,45,68,56,19,9,17,10
105,58,56,55,44,36,24,14,11,4
131,50,38,44,45,28,19,18,9,7
167,68,46,49,90,90,37,11,15,7
182,103,76,66,132,108,38,21,13,7
111,108,62,61,103,92,24,21,27,5
76,61,64,55,79,42,16,20,9,10
77,72,57,54,58,56,20,14,13,6
60,57,59,47,57,44,12,17,11,12
84,68,57,55,81,40,31,15,12,5
135,84,56,52,90,72,32,19,9,8
173,109,73,89,186,145,43,28,22,7
194,96,100,71,143,75,35,24,19,9
148,65,59,48,65,59,27,23,6,7
57,76,71,57,44,78,20,15,28,14
91,97,61,62,65,70,23,20,30,9
140,77,57,59,62,59,21,36,18,8
132,116,57,60,105,97,25,19,22,10
213,124,80,84,132,97,29,25,24,15
173,119,97,83,100,81,27,19,24,15
72,97,79,73,82,54,28,8,27,10
113,80,69,52,76,44,17,23,23,11
69,85,104,49,164,64,29,15,16,9
0,98,84,97,0,38,42,10,15,11
0,121,70,74,0,0,37,9,19,9
0,125,91,74,0,0,39,23,20,4
2,118,102,85,0,0,29,21,24,4
3,74,59,76,0,0,4,21,23,0
2,66,46,48,0,0,0,22,15,0
5,77,62,51,0,0,0,14,13,6
0,79,68,43,0,0,0,8,12,4
0,82,68,56,0,0,0,18,13,5
6,129,107,56,0,0,22,27,10,5
0,119,72,68,0,0,21,32,13,6
0,59,40,45,0,0,24,26,13,10
1,77,55,43,0,0,14,13,14,9
0,70,38,52,0,0,26,14,14,4
1,69,54,49,0,0,17,4,8,3
2,68,48,43,0,0,20,13,10,10
0,100,94,61,0,0,23,26,16,5
2,115,92,85,0,0,36,14,25,9
2,59,61,51,0,0,15,35,26,8
2,89,77,62,0,0,14,27,18,4
2,79,80,66,0,0,20,16,24,7
1,67,60,69,0,0,15,14,15,10
0,59,58,51,0,0,25,0,11,5
0,103,67,69,0,0,30,17,19,6
0,74,84,88,0,0,23,13,20,5
0,82,53,61,0,0,15,6,27,0
0,65,62,48,0,0,7,26,25,0
0,70,48,65,0,0,5,19,20,0
166,79,58,52,73,81,7,24,17,1
265,81,85,62,61,76,15,20,7,6
257,111,81,77,97,102,26,19,0,0
189,119,71,89,85,78,22,28,0,0
74,76,53,56,55,60,22,37,6,0
85,83,90,64,50,46,28,30,16,6
74,69,41,50,27,27,38,12,22,1
72,71,72,38,55,44,19,8,7,2
99,106,69,53,95,83,33,25,21,9
115,86,80,64,113,87,24,11,12,6
105,91,89,62,81,89,28,28,19,7
60,74,72,51,38,37,14,18,11,0
62,1,39,52,34,70,0,27,17,8
62,112,57,56,37,42,37,18,8,6
114,60,46,63,33,44,15,17,15,3
111,60,61,41,62,74,15,18,8,7
101,125,64,69,96,90,14,29,15,9
96,96,82,64,72,77,29,23,20,7
79,71,59,67,45,44,30,20,13,8
70,55,56,53,29,48,24,26,10,7
64,91,74,53,40,61,22,18,18,13
95,78,53,54,28,74,13,33,10,10
141,126,106,81,94,150,34,28,15,7
159,111,78,94,123,3,34,6,27,7
176,113,65,92,65,5,15,33,17,1
82,75,76,60,96,40,7,27,34,9
72,69,68,65,41,48,10,25,24,12
109,87,61,67,74,51,23,18,22,10
89,62,79,61,68,49,16,8,19,11
128,73,61,65,62,88,17,16,11,6
116,88,66,77,95,109,28,18,20,11
131,111,84,79,74,70,27,26,32,16
62,78,68,59,37,93,20,19,21,19
79,67,52,57,42,41,10,22,28,17
104,65,64,55,27,40,8,18,9,16
129,54,42,57,82,61,9,30,15,10
161,64,38,62,57,55,19,18,14,6
192,106,65,71,102,122,37,11,14,15
141,112,97,97,99,98,26,28,32,16
63,75,71,74,34,38,17,31,16,13
80,67,71,49,41,53,16,25,14,14
127,77,54,59,52,38,19,16,11,19
68,68,69,51,59,58,11,14,13,17
130,93,66,54,86,73,22,28,10,9
205,108,112,82,91,120,19,34,16,11
139,103,96,85,66,120,17,30,16,19
113,63,83,69,58,66,7,28,11,5
119,69,96,48,30,38,8,21,14,7
96,63,70,66,64,53,7,17,7,3
118,67,91,71,55,58,8,10,8,2
183,63,140,70,108,87,21,13,18,8
241,87,111,63,133,139,25,15,20,10
136,80,110,85,79,101,40,23,18,13
203,49,106,77,48,50,11,33,17,14
121,44,56,66,52,60,18,9,15,15
108,73,94,77,54,54,24,16,17,8
104,78,77,66,87,67,18,30,18,10
180,90,89,66,134,120,14,13,25,3
245,143,107,104,157,102,11,18,20,9
126,140,125,105,116,112,4,14,16,6
62,77,101,78,52,65,5,19,20,10
178,64,89,68,43,35,5,27,18,10
163,66,65,68,74,62,7,19,13,5
0,79,93,68,0,0,7,18,8,8
0,71,76,94,0,0,7,21,19,5
0,114,109,96,0,0,5,22,9,10
1,74,108,101,0,0,2,40,17,9
0,64,68,75,0,0,3,22,16,5
3,64,79,71,0,0,0,25,13,5
0,71,68,57,0,0,4,13,9,10
4,73,70,73,0,0,3,28,12,4
1,102,37,53,0,0,7,18,19,8
0,121,70,92,0,0,8,27,5,6
3,120,61,83,0,0,4,42,10,8
2,88,66,94,0,0,8,21,17,11
2,76,62,55,0,0,5,15,13,4
0,78,63,55,0,0,2,30,12,4
1,79,67,47,0,0,12,9,10,4
0,81,57,62,0,0,16,29,8,9
1,96,60,55,0,0,12,13,12,5
0,89,102,56,0,0,16,51,8,12
4,89,91,81,0,0,11,28,19,10
0,60,93,56,0,0,12,13,18,12
3,96,112,53,0,0,7,6,13,11
0,97,98,60,0,0,8,19,21,8
1,91,89,83,0,0,10,31,28,12
2,118,109,77,0,0,21,18,16,13
0,112,103,82,0,0,23,31,24,13
0,83,72,122,0,0,22,19,35,17
1,101,94,84,0,0,11,29,20,4
0,65,70,76,0,0,5,30,20,6
3,91,75,73,0,0,12,11,13,8
9,141,97,104,0,0,24,17,11,5
0,136,72,73,0,0,24,22,17,3
226,118,93,92,88,109,18,14,17,5
87,106,67,56,50,46,21,30,13,8
81,51,59,69,39,74,11,21,15,2
96,64,55,78,37,76,8,12,15,2
134,93,82,73,63,48,13,9,9,7
161,99,91,64,52,113,19,18,11,5
210,152,100,95,99,122,30,16,15,8
150,131,110,85,124,110,25,29,19,10
109,88,51,77,69,66,18,18,19,13
111,77,58,72,71,46,16,20,12,6
92,77,58,75,73,33,11,21,11,2
116,60,80,89,45,57,25,25,10,5
155,105,68,96,92,79,23,18,5,2
150,120,102,115,72,108,9,25,13,8
134,138,69,87,79,66,12,30,16,7
71,93,57,61,43,61,44,22,21,6
64,71,48,81,38,62,24,8,13,7
84,71,66,73,81,51,23,22,14,8
85,101,82,96,63,65,24,22,3,0
241,130,113,121,130,160,36,36,2,1
162,154,86,87,106,143,28,13,10,5
142,153,98,88,63,48,24,32,24,12
97,121,84,74,82,46,12,25,28,13
94,84,78,72,39,52,22,16,18,11
189,89,59,73,51,30,20,23,22,13
115,121,82,66,48,44,18,12,18,10
174,144,86,79,120,79,22,8,22,17
147,143,99,90,67,133,21,34,24,12
134,149,111,107,70,131,17,20,27,20
90,109,84,81,45,65,25,19,12,10
129,90,84,74,47,70,18,17,14,5
106,83,79,70,39,79,23,24,14,10
108,92,68,84,62,80,33,8,23,9
164,119,93,95,91,131,30,17,11,9
234,160,121,90,109,73,40,29,15,5
136,137,104,91,71,122,33,33,15,8
128,117,62,69,138,68,29,31,17,9
116,106,76,93,41,56,19,21,15,7
93,79,49,56,58,95,8,15,16,3
157,105,78,77,54,54,14,16,13,4
204,132,85,76,62,102,25,16,12,4
118,138,91,87,75,116,23,28,13,5
115,111,92,97,101,68,16,20,22,4
82,96,66,89,68,67,14,26,13,8
86,82,62,79,59,45,19,14,7,4
61,78,58,56,35,44,15,10,12,10
75,78,68,91,55,51,25,21,13,5
128,147,93,59,77,90,26,29,5,2
148,151,113,93,82,110,35,32,12,6
118,143,114,105,78,96,21,38,19,15
75,103,94,74,59,50,15,26,17,15
69,101,86,74,39,58,14,18,24,15
104,89,78,80,54,68,9,15,15,9
100,94,80,85,42,59,11,26,14,7
130,108,107,96,79,123,14,12,16,8
154,139,124,93,117,101,10,20,18,3
158,152,128,114,62,90,6,29,22,12
52,99,111,107,56,38,18,30,24,9
68,103,62,66,60,70,19,31,22,7
71,89,82,84,37,33,27,51,7,4
87,114,88,81,29,36,15,18,12,17
143,133,94,91,45,90,23,15,10,4
142,152,116,142,49,108,33,32,14,4
173,162,104,122,61,112,18,33,22,9
141,88,93,107,38,60,17,12,10,16
111,99,100,98,42,57,17,21,12,5
300,91,57,73,34,42,14,33,17,8
120,83,53,54,51,55,12,24,9,5
154,126,106,65,110,80,22,29,5,5
135,182,128,66,54,96,28,24,17,5
135,186,139,113,83,60,35,24,12,15
128,132,63,80,58,32,45,27,16,4
113,76,61,75,41,53,17,37,15,3
74,47,79,84,56,53,21,37,12,8
122,73,62,64,36,69,17,13,7,3
137,79,76,83,58,72,14,2,18,4
179,104,70,82,84,108,22,19,12,9
210,101,56,103,62,76,28,33,14,13
83,54,43,74,63,44,17,15,19,10
72,76,56,73,34,32,16,26,22,8
92,63,80,71,54,48,22,7,12,8
182,60,69,70,58,67,13,22,13,16
129,107,52,75,94,76,16,28,18,20
169,117,83,103,89,103,16,21,22,9
166,117,86,106,83,113,18,25,13,9
186,112,65,88,71,74,26,26,19,6
129,67,35,91,57,61,26,19,18,9
96,72,58,93,38,58,31,27,20,6
136,60,46,89,58,56,8,19,18,11
155,77,61,77,61,81,29,15,7,5
178,128,83,79,93,105,31,31,15,10
161,112,78,109,69,110,34,43,11,14
126,65,65,52,43,73,23,57,11,6
141,93,59,54,68,48,12,27,10,7
87,64,52,62,48,65,24,9,11,6
58,85,59,66,49,54,13,18,10,5
155,82,77,81,74,93,15,18,7,2
234,112,88,106,74,90,9,19,15,7
151,118,90,108,96,67,13,28,18,18
100,72,43,105,53,60,19,15,16,11
91,74,61,74,29,57,16,28,11,5
89,102,45,50,59,39,10,24,7,11
83,74,59,62,7,83,16,13,8,4
105,87,53,72,57,120,20,8,12,3
159,108,84,91,51,100,31,44,12,9
115,94,65,92,74,61,33,24,8,6
96,69,46,60,55,52,14,21,11,11
70,78,57,40,33,22,15,16,8,10
102,65,51,46,44,47,16,17,7,6
75,89,71,57,48,66,27,20,10,8
134,80,81,87,61,100,22,13,11,14
123,112,84,99,100,127,30,31,24,11
86,110,75,107,65,66,26,18,19,17
141,96,78,98,37,66,5,30,16,11
56,105,73,86,70,39,23,24,15,9
88,85,72,60,45,62,19,27,22,9
106,66,68,73,68,61,17,16,12,14
166,104,86,93,65,77,13,28,8,7
147,126,75,89,60,127,20,22,20,9
97,123,99,80,107,88,24,22,6,12
101,98,74,100,76,57,11,25,14,9
81,97,88,84,39,57,14,17,12,7
98,77,65,64,35,49,15,11,20,6
74,82,57,79,25,56,14,18,15,9
37,101,79,84,0,85,18,29,10,1
141,114,80,95,69,89,26,24,13,7
116,117,78,108,101,99,29,22,21,10
88,71,71,61,39,70,4,17,15,7
92,75,56,57,55,43,5,23,9,11
111,69,38,49,40,53,8,15,10,10
108,79,77,74,64,62,7,42,19,7
137,113,72,69,69,124,11,11,3,1
151,97,55,73,121,132,9,16,11,13
131,82,67,104,72,80,5,23,16,22
101,87,74,80,40,50,7,19,16,14
89,72,71,71,43,36,11,16,23,12
97,74,76,54,40,46,36,9,12,9
108,123,59,88,58,62,17,20,10,12
141,113,76,100,77,118,13,53,17,5
128,104,59,99,101,132,14,14,19,14
155,115,74,100,58,77,12,39,24,8
58,73,70,73,58,64,7,14,14,11
60,76,63,59,34,59,14,19,23,16
62,79,45,57,47,44,10,21,12,5
119,95,51,62,44,60,19,17,7,4
162,95,63,56,95,81,15,16,10,11
134,105,40,88,101,62,17,24,21,9
131,108,54,119,49,100,13,34,20,11
123,86,47,62,35,71,7,19,44,2
86,79,62,68,50,40,6,19,16,18
107,76,65,62,66,39,2,26,15,6
103,77,73,68,37,56,8,14,1,8
160,102,77,70,64,81,6,13,10,0
166,98,93,89,67,117,14,28,15,8
145,123,74,117,54,79,11,22,9,6
94,78,41,61,45,36,10,3,22,8
59,61,42,74,36,34,10,25,9,4
100,77,75,56,30,54,5,4,24,12
67,95,61,66,28,40,10,13,6,7
129,87,73,57,48,65,11,12,22,7
140,109,90,105,77,102,14,20,6,3
112,125,82,111,85,84,29,29,13,10
95,68,71,79,89,48,14,17,15,5
110,91,71,73,107,73,11,5,10,3
323,115,84,72,260,143,22,21,13,4
256,129,109,100,166,198,15,10,4,2
68,120,80,92,49,39,26,23,6,5
89,109,62,63,38,71,14,16,6,6
62,102,63,92,35,70,5,14,15,9
61,57,56,66,37,39,9,19,11,5
57,88,62,60,36,66,18,16,15,12
96,56,65,53,47,81,7,21,10,4
0,94,87,64,1,0,15,28,7,1
0,108,75,71,0,0,9,13,16,7
2,164,82,86,0,0,11,19,18,14
0,117,98,108,0,0,15,22,25,2
1,85,70,65,0,0,8,19,17,0
0,86,71,73,0,0,12,13,11,11
0,70,71,63,0,0,7,19,11,9
9,93,77,85,0,0,4,11,8,3
1,126,90,55,0,0,3,20,20,12
3,123,96,100,0,0,6,22,21,7
2,134,98,93,0,0,7,25,20,12
1,77,89,67,0,0,9,2,12,5
0,113,86,82,0,0,6,18,13,6
0,86,103,76,0,0,6,18,13,6
0,102,93,85,0,0,16,11,9,3
1,124,78,59,0,0,8,15,13,6
0,126,90,87,0,0,8,34,12,3
6,154,75,117,0,0,14,24,9,9
4,113,94,76,0,0,14,11,9,9
5,105,98,93,0,0,10,7,11,6
2,138,138,77,0,0,15,13,10,8
0,190,121,82,0,0,9,7,3,1
0,0,0,0,0,0,0,0,0,0
6,111,105,75,0,0,10,24,13,7
0,86,56,77,0,0,6,28,13,7
6,62,49,50,0,0,5,11,11,9
0,60,49,42,0,0,5,25,8,5
0,77,57,50,0,0,7,23,15,7
0,91,84,56,0,0,6,7,9,6
0,97,48,52,0,0,1,9,11,4
0,80,81,54,0,0,6,38,10,11
0,84,70,73,0,0,11,21,19,13
0,52,66,64,0,0,2,39,12,12
0,54,67,45,0,0,5,21,19,0
0,69,68,57,0,0,0,25,12,9
139,59,73,54,36,82,5,11,10,8
111,67,78,46,81,99,8,14,3,8
179,79,55,69,88,117,5,19,16,18
118,68,58,70,63,104,26,27,24,22
68,39,62,60,41,81,22,15,0,27
59,49,63,41,46,52,12,15,15,21
94,53,48,32,31,50,8,18,11,13
53,58,61,33,17,71,19,11,8,10
103,72,44,49,85,123,11,12,13,6
117,108,73,71,64,160,13,28,28,8
106,101,67,71,73,96,5,30,21,0
53,66,62,61,31,45,9,22,22,0
73,62,50,55,42,72,6,14,21,0
55,68,59,47,35,39,4,16,21,0
68,69,61,41,49,48,12,20,13,0
94,86,61,34,51,90,23,14,20,0
144,97,78,58,78,117,15,28,12,0
146,93,76,80,50,113,4,33,16,13
87,41,54,60,37,54,2,29,15,9
73,53,25,60,37,45,5,16,6,9
62,68,54,52,35,50,10,12,10,1
64,65,54,48,38,48,7,16,2,6
102,71,61,58,39,122,3,15,7,9
113,79,71,79,65,101,15,19,12,5
98,98,78,67,39,103,5,17,12,10
82,82,74,59,51,65,3,32,14,5
65,63,64,57,31,55,5,14,14,4
72,80,61,61,48,51,2,9,13,5
100,59,65,55,50,76,4,24,11,10
130,80,73,54,48,62,1,20,14,7
169,105,91,90,89,128,25,27,23,9
147,105,74,83,62,124,4,22,11,10
65,84,57,66,23,47,5,18,16,4
55,67,73,58,42,46,40,24,18,11
88,81,64,67,28,61,44,25,12,10
106,115,104,67,40,54,29,11,17,11
118,106,109,53,37,99,11,12,10,4
177,152,115,92,65,108,16,34,11,6
107,104,75,82,47,174,8,24,5,4
87,81,70,77,41,84,0,44,15,10
90,101,54,64,37,85,10,17,8,10
76,86,31,67,46,68,23,26,12,13
74,98,5,44,32,43,15,20,5,5
144,86,88,45,54,116,12,12,6,3
145,113,110,69,74,160,17,18,12,2
109,122,115,65,100,130,23,21,11,11
142,82,46,58,43,47,25,24,10,4
63,89,75,41,38,46,19,33,11,9
78,72,58,41,26,34,8,14,8,5
105,70,71,70,30,65,10,14,3,3
156,71,69,52,69,104,14,15,6,4
170,133,84,69,92,129,15,16,12,8
122,114,74,80,61,118,11,1,11,3
62,61,75,58,42,63,6,23,15,6
128,94,66,68,41,51,5,18,12,10
103,68,57,57,53,68,12,15,4,4
80,91,69,60,46,84,11,36,5,12
109,84,70,49,67,95,9,4,13,11
125,93,65,65,69,164,15,30,13,11
112,123,56,80,47,86,17,29,18,5
73,67,69,75,90,79,15,24,12,10
104,65,48,59,28,35,4,30,20,12
108,77,53,56,30,43,4,12,20,18
125,89,59,45,40,45,2,14,11,10
136,85,78,55,63,80,21,23,10,4
161,112,66,72,58,153,15,19,22,13
111,112,61,92,56,109,6,32,16,13
74,84,80,52,45,121,1,29,11,10
75,101,51,41,30,44,7,21,9,6
69,67,68,50,38,42,17,16,3,16
87,100,50,56,42,60,11,9,8,5
98,95,54,45,43,83,8,8,10,10
182,93,61,57,92,109,9,24,17,9
109,94,66,72,66,77,17,31,15,13
63,65,55,39,40,46,18,1,12,13
80,65,48,59,36,38,13,17,6,11
90,69,45,63,29,40,21,17,17,7
71,73,58,68,48,63,14,7,8,8
153,102,86,66,60,116,22,16,9,2
218,127,91,100,102,138,9,31,16,5
212,100,93,110,112,154,14,20,8,12
61,59,45,60,25,7,4,16,9,8
62,51,46,53,47,63,6,14,7,11
71,61,45,44,23,70,15,39,7,9
130,79,54,42,21,64,20,17,10,10
156,77,61,62,72,101,31,19,14,7
133,98,62,72,58,119,19,27,14,8
114,107,72,73,54,110,16,30,18,14
80,68,54,60,42,71,10,35,10,12
75,74,77,70,29,46,4,25,13,16
113,72,45,75,53,43,9,21,9,8
81,87,51,69,39,43,8,41,13,5
107,79,68,58,42,107,16,8,7,6
160,100,77,84,83,131,22,24,14,15
124,114,72,85,83,108,14,24,18,15
107,66,58,76,48,50,11,16,12,10
84,53,43,60,26,52,10,20,8,12
88,62,67,52,41,52,8,9,11,4
90,69,55,63,44,68,3,11,7,7
129,80,56,57,47,102,18,21,6,8
160,78,67,85,82,146,19,20,17,8
204,102,69,91,83,112,17,38,14,6
86,54,49,77,30,70,13,13,8,7
100,67,55,75,45,61,13,22,3,9
88,57,60,70,29,60,11,19,3,7
77,59,55,48,53,70,16,52,8,9
141,80,55,61,87,70,9,14,5,5
139,100,66,74,95,171,17,25,19,7
130,75,47,78,42,91,14,31,9,3
